Country Code (RenewableIntFreshWtr(billionm3)),Country Name (RenewableIntFreshWtr(billionm3)),Year (RenewableIntFreshWtr(billionm3)),Renewal Fresh Water
AFG,Afghanistan,1/1/2010,47.15
AGO,Angola,1/1/2010,148
ALB,Albania,1/1/2010,26.9
AND,Andorra,1/1/2010,0.3156
ARE,United Arab Emirates,1/1/2010,0.15
ARG,Argentina,1/1/2010,292
ARM,Armenia,1/1/2010,6.859
ATG,Antigua and Barbuda,1/1/2010,0.052
AUS,Australia,1/1/2010,492
AUT,Austria,1/1/2010,55
AZE,Azerbaijan,1/1/2010,8.115
BDI,Burundi,1/1/2010,10.06
BEL,Belgium,1/1/2010,12
BEN,Benin,1/1/2010,10.3
BFA,Burkina Faso,1/1/2010,12.5
BGD,Bangladesh,1/1/2010,105
BGR,Bulgaria,1/1/2010,21
BHR,Bahrain,1/1/2010,0.004
BHS,"Bahamas, The",1/1/2010,0.7
BIH,Bosnia and Herzegovina,1/1/2010,35.5
BLR,Belarus,1/1/2010,34
BLZ,Belize,1/1/2010,15.26
BOL,Bolivia,1/1/2010,303.5
BRA,Brazil,1/1/2010,5661
BRB,Barbados,1/1/2010,0.08
BRN,Brunei Darussalam,1/1/2010,8.5
BTN,Bhutan,1/1/2010,78
BWA,Botswana,1/1/2010,2.4
CAF,Central African Republic,1/1/2010,141
CAN,Canada,1/1/2010,2850
CHE,Switzerland,1/1/2010,40.4
CHL,Chile,1/1/2010,885
CHN,China,1/1/2010,2812.9
CIV,Cote d'Ivoire,1/1/2010,76.84
CMR,Cameroon,1/1/2010,273
COD,"Congo, Dem. Rep.",1/1/2010,900
COG,"Congo, Rep.",1/1/2010,222
COL,Colombia,1/1/2010,2145
COM,Comoros,1/1/2010,1.2
CPV,Cabo Verde,1/1/2010,0.3
CRI,Costa Rica,1/1/2010,113
CUB,Cuba,1/1/2010,38.12
CYP,Cyprus,1/1/2010,0.78
CZE,Czechia,1/1/2010,13.15
DEU,Germany,1/1/2010,107
DJI,Djibouti,1/1/2010,0.3
DMA,Dominica,1/1/2010,0.2
DNK,Denmark,1/1/2010,6
DOM,Dominican Republic,1/1/2010,23.5
DZA,Algeria,1/1/2010,11.247
ECU,Ecuador,1/1/2010,442.4
EGY,"Egypt, Arab Rep.",1/1/2010,1
ERI,Eritrea,1/1/2010,2.8
ESP,Spain,1/1/2010,111.2
EST,Estonia,1/1/2010,12.71
ETH,Ethiopia,1/1/2010,122
FIN,Finland,1/1/2010,107
FJI,Fiji,1/1/2010,28.55
FRA,France,1/1/2010,200
GAB,Gabon,1/1/2010,164
GBR,United Kingdom,1/1/2010,145
GEO,Georgia,1/1/2010,58.13
GHA,Ghana,1/1/2010,30.3
GIN,Guinea,1/1/2010,226
GMB,"Gambia, The",1/1/2010,3
GNB,Guinea-Bissau,1/1/2010,16
GNQ,Equatorial Guinea,1/1/2010,26
GRC,Greece,1/1/2010,58
GRD,Grenada,1/1/2010,0.2
GTM,Guatemala,1/1/2010,109.2
GUY,Guyana,1/1/2010,241
HND,Honduras,1/1/2010,90.66
HRV,Croatia,1/1/2010,37.7
HTI,Haiti,1/1/2010,13.007
HUN,Hungary,1/1/2010,6
IDN,Indonesia,1/1/2010,2018.7
IND,India,1/1/2010,1446
IRL,Ireland,1/1/2010,49
IRN,"Iran, Islamic Rep.",1/1/2010,128.5
IRQ,Iraq,1/1/2010,35.2
ISL,Iceland,1/1/2010,170
ISR,Israel,1/1/2010,0.75
ITA,Italy,1/1/2010,182.5
JAM,Jamaica,1/1/2010,10.823
JOR,Jordan,1/1/2010,0.682
JPN,Japan,1/1/2010,430
KAZ,Kazakhstan,1/1/2010,64.35
KEN,Kenya,1/1/2010,20.7
KGZ,Kyrgyz Republic,1/1/2010,48.93
KHM,Cambodia,1/1/2010,120.6
KNA,St. Kitts and Nevis,1/1/2010,0.024
KOR,"Korea, Rep.",1/1/2010,64.85
KWT,Kuwait,1/1/2010,0
LAO,Lao PDR,1/1/2010,190.4
LBN,Lebanon,1/1/2010,4.8
LBR,Liberia,1/1/2010,200
LBY,Libya,1/1/2010,0.7
LCA,St. Lucia,1/1/2010,0.3
LKA,Sri Lanka,1/1/2010,52.8
LSO,Lesotho,1/1/2010,5.23
LTU,Lithuania,1/1/2010,15.46
LUX,Luxembourg,1/1/2010,1
LVA,Latvia,1/1/2010,16.94
MAR,Morocco,1/1/2010,29
MDA,Moldova,1/1/2010,1.62
MDG,Madagascar,1/1/2010,337
MDV,Maldives,1/1/2010,0.03
MEX,Mexico,1/1/2010,409
MKD,North Macedonia,1/1/2010,5.4
MLI,Mali,1/1/2010,60
MLT,Malta,1/1/2010,0.0505
MMR,Myanmar,1/1/2010,1002.8
MNG,Mongolia,1/1/2010,34.8
MOZ,Mozambique,1/1/2010,100.3
MRT,Mauritania,1/1/2010,0.4
MUS,Mauritius,1/1/2010,2.751
MWI,Malawi,1/1/2010,16.14
MYS,Malaysia,1/1/2010,580
NAM,Namibia,1/1/2010,6.16
NER,Niger,1/1/2010,3.5
NGA,Nigeria,1/1/2010,221
NIC,Nicaragua,1/1/2010,156.21
NLD,Netherlands,1/1/2010,11
NOR,Norway,1/1/2010,382
NPL,Nepal,1/1/2010,198.2
NRU,Nauru,1/1/2010,0.01
NZL,New Zealand,1/1/2010,327
OMN,Oman,1/1/2010,1.4
PAK,Pakistan,1/1/2010,55
PAN,Panama,1/1/2010,136.6
PER,Peru,1/1/2010,1641
PHL,Philippines,1/1/2010,479
PNG,Papua New Guinea,1/1/2010,801
POL,Poland,1/1/2010,53.6
PRI,Puerto Rico,1/1/2010,7.1
PRK,"Korea, Dem. People's Rep.",1/1/2010,67
PRT,Portugal,1/1/2010,38
PRY,Paraguay,1/1/2010,117
PSE,West Bank and Gaza,1/1/2010,0.812
QAT,Qatar,1/1/2010,0.056
ROU,Romania,1/1/2010,42.38
RUS,Russian Federation,1/1/2010,4312
RWA,Rwanda,1/1/2010,9.5
SAU,Saudi Arabia,1/1/2010,2.4
SDN,Sudan,1/1/2010,4
SEN,Senegal,1/1/2010,25.8
SGP,Singapore,1/1/2010,0.6
SLB,Solomon Islands,1/1/2010,44.7
SLE,Sierra Leone,1/1/2010,160
SLV,El Salvador,1/1/2010,15.63
SOM,Somalia,1/1/2010,6
SRB,Serbia,1/1/2010,8.407
SSD,South Sudan,1/1/2010,26
STP,Sao Tome and Principe,1/1/2010,2.18
SUR,Suriname,1/1/2010,99
SVK,Slovak Republic,1/1/2010,12.6
SVN,Slovenia,1/1/2010,18.67
SWE,Sweden,1/1/2010,171
SWZ,Eswatini,1/1/2010,2.64
SYR,Syrian Arab Republic,1/1/2010,7.132
TCD,Chad,1/1/2010,15
TGO,Togo,1/1/2010,11.5
THA,Thailand,1/1/2010,224.51
TJK,Tajikistan,1/1/2010,63.46
TKM,Turkmenistan,1/1/2010,1.405
TLS,Timor-Leste,1/1/2010,8.215
TTO,Trinidad and Tobago,1/1/2010,3.84
TUN,Tunisia,1/1/2010,4.195
TUR,Turkiye,1/1/2010,227
TZA,Tanzania,1/1/2010,84
UGA,Uganda,1/1/2010,39
UKR,Ukraine,1/1/2010,55.1
URY,Uruguay,1/1/2010,92.2
USA,United States,1/1/2010,2818
UZB,Uzbekistan,1/1/2010,16.34
VCT,St. Vincent and the Grenadines,1/1/2010,0.1
VEN,"Venezuela, RB",1/1/2010,805
VNM,Vietnam,1/1/2010,359.42
VUT,Vanuatu,1/1/2010,10
YEM,"Yemen, Rep.",1/1/2010,2.1
ZAF,South Africa,1/1/2010,44.8
ZMB,Zambia,1/1/2010,80.2
ZWE,Zimbabwe,1/1/2010,12.26
AFG,Afghanistan,1/1/2011,47.15
AGO,Angola,1/1/2011,148
ALB,Albania,1/1/2011,26.9
AND,Andorra,1/1/2011,0.3156
ARE,United Arab Emirates,1/1/2011,0.15
ARG,Argentina,1/1/2011,292
ARM,Armenia,1/1/2011,6.859
ATG,Antigua and Barbuda,1/1/2011,0.052
AUS,Australia,1/1/2011,492
AUT,Austria,1/1/2011,55
AZE,Azerbaijan,1/1/2011,8.115
BDI,Burundi,1/1/2011,10.06
BEL,Belgium,1/1/2011,12
BEN,Benin,1/1/2011,10.3
BFA,Burkina Faso,1/1/2011,12.5
BGD,Bangladesh,1/1/2011,105
BGR,Bulgaria,1/1/2011,21
BHR,Bahrain,1/1/2011,0.004
BHS,"Bahamas, The",1/1/2011,0.7
BIH,Bosnia and Herzegovina,1/1/2011,35.5
BLR,Belarus,1/1/2011,34
BLZ,Belize,1/1/2011,15.26
BOL,Bolivia,1/1/2011,303.5
BRA,Brazil,1/1/2011,5661
BRB,Barbados,1/1/2011,0.08
BRN,Brunei Darussalam,1/1/2011,8.5
BTN,Bhutan,1/1/2011,78
BWA,Botswana,1/1/2011,2.4
CAF,Central African Republic,1/1/2011,141
CAN,Canada,1/1/2011,2850
CHE,Switzerland,1/1/2011,40.4
CHL,Chile,1/1/2011,885
CHN,China,1/1/2011,2812.9
CIV,Cote d'Ivoire,1/1/2011,76.84
CMR,Cameroon,1/1/2011,273
COD,"Congo, Dem. Rep.",1/1/2011,900
COG,"Congo, Rep.",1/1/2011,222
COL,Colombia,1/1/2011,2145
COM,Comoros,1/1/2011,1.2
CPV,Cabo Verde,1/1/2011,0.3
CRI,Costa Rica,1/1/2011,113
CUB,Cuba,1/1/2011,38.12
CYP,Cyprus,1/1/2011,0.78
CZE,Czechia,1/1/2011,13.15
DEU,Germany,1/1/2011,107
DJI,Djibouti,1/1/2011,0.3
DMA,Dominica,1/1/2011,0.2
DNK,Denmark,1/1/2011,6
DOM,Dominican Republic,1/1/2011,23.5
DZA,Algeria,1/1/2011,11.247
ECU,Ecuador,1/1/2011,442.4
EGY,"Egypt, Arab Rep.",1/1/2011,1
ERI,Eritrea,1/1/2011,2.8
ESP,Spain,1/1/2011,111.2
EST,Estonia,1/1/2011,12.71
ETH,Ethiopia,1/1/2011,122
FIN,Finland,1/1/2011,107
FJI,Fiji,1/1/2011,28.55
FRA,France,1/1/2011,200
GAB,Gabon,1/1/2011,164
GBR,United Kingdom,1/1/2011,145
GEO,Georgia,1/1/2011,58.13
GHA,Ghana,1/1/2011,30.3
GIN,Guinea,1/1/2011,226
GMB,"Gambia, The",1/1/2011,3
GNB,Guinea-Bissau,1/1/2011,16
GNQ,Equatorial Guinea,1/1/2011,26
GRC,Greece,1/1/2011,58
GRD,Grenada,1/1/2011,0.2
GTM,Guatemala,1/1/2011,109.2
GUY,Guyana,1/1/2011,241
HND,Honduras,1/1/2011,90.66
HRV,Croatia,1/1/2011,37.7
HTI,Haiti,1/1/2011,13.007
HUN,Hungary,1/1/2011,6
IDN,Indonesia,1/1/2011,2018.7
IND,India,1/1/2011,1446
IRL,Ireland,1/1/2011,49
IRN,"Iran, Islamic Rep.",1/1/2011,128.5
IRQ,Iraq,1/1/2011,35.2
ISL,Iceland,1/1/2011,170
ISR,Israel,1/1/2011,0.75
ITA,Italy,1/1/2011,182.5
JAM,Jamaica,1/1/2011,10.823
JOR,Jordan,1/1/2011,0.682
JPN,Japan,1/1/2011,430
KAZ,Kazakhstan,1/1/2011,64.35
KEN,Kenya,1/1/2011,20.7
KGZ,Kyrgyz Republic,1/1/2011,48.93
KHM,Cambodia,1/1/2011,120.6
KNA,St. Kitts and Nevis,1/1/2011,0.024
KOR,"Korea, Rep.",1/1/2011,64.85
KWT,Kuwait,1/1/2011,0
LAO,Lao PDR,1/1/2011,190.4
LBN,Lebanon,1/1/2011,4.8
LBR,Liberia,1/1/2011,200
LBY,Libya,1/1/2011,0.7
LCA,St. Lucia,1/1/2011,0.3
LKA,Sri Lanka,1/1/2011,52.8
LSO,Lesotho,1/1/2011,5.23
LTU,Lithuania,1/1/2011,15.46
LUX,Luxembourg,1/1/2011,1
LVA,Latvia,1/1/2011,16.94
MAR,Morocco,1/1/2011,29
MDA,Moldova,1/1/2011,1.62
MDG,Madagascar,1/1/2011,337
MDV,Maldives,1/1/2011,0.03
MEX,Mexico,1/1/2011,409
MKD,North Macedonia,1/1/2011,5.4
MLI,Mali,1/1/2011,60
MLT,Malta,1/1/2011,0.0505
MMR,Myanmar,1/1/2011,1002.8
MNG,Mongolia,1/1/2011,34.8
MOZ,Mozambique,1/1/2011,100.3
MRT,Mauritania,1/1/2011,0.4
MUS,Mauritius,1/1/2011,2.751
MWI,Malawi,1/1/2011,16.14
MYS,Malaysia,1/1/2011,580
NAM,Namibia,1/1/2011,6.16
NER,Niger,1/1/2011,3.5
NGA,Nigeria,1/1/2011,221
NIC,Nicaragua,1/1/2011,156.21
NLD,Netherlands,1/1/2011,11
NOR,Norway,1/1/2011,382
NPL,Nepal,1/1/2011,198.2
NRU,Nauru,1/1/2011,0.01
NZL,New Zealand,1/1/2011,327
OMN,Oman,1/1/2011,1.4
PAK,Pakistan,1/1/2011,55
PAN,Panama,1/1/2011,136.6
PER,Peru,1/1/2011,1641
PHL,Philippines,1/1/2011,479
PNG,Papua New Guinea,1/1/2011,801
POL,Poland,1/1/2011,53.6
PRI,Puerto Rico,1/1/2011,7.1
PRK,"Korea, Dem. People's Rep.",1/1/2011,67
PRT,Portugal,1/1/2011,38
PRY,Paraguay,1/1/2011,117
PSE,West Bank and Gaza,1/1/2011,0.812
QAT,Qatar,1/1/2011,0.056
ROU,Romania,1/1/2011,42.38
RUS,Russian Federation,1/1/2011,4312
RWA,Rwanda,1/1/2011,9.5
SAU,Saudi Arabia,1/1/2011,2.4
SDN,Sudan,1/1/2011,4
SEN,Senegal,1/1/2011,25.8
SGP,Singapore,1/1/2011,0.6
SLB,Solomon Islands,1/1/2011,44.7
SLE,Sierra Leone,1/1/2011,160
SLV,El Salvador,1/1/2011,15.63
SOM,Somalia,1/1/2011,6
SRB,Serbia,1/1/2011,8.407
SSD,South Sudan,1/1/2011,26
STP,Sao Tome and Principe,1/1/2011,2.18
SUR,Suriname,1/1/2011,99
SVK,Slovak Republic,1/1/2011,12.6
SVN,Slovenia,1/1/2011,18.67
SWE,Sweden,1/1/2011,171
SWZ,Eswatini,1/1/2011,2.64
SYR,Syrian Arab Republic,1/1/2011,7.132
TCD,Chad,1/1/2011,15
TGO,Togo,1/1/2011,11.5
THA,Thailand,1/1/2011,224.51
TJK,Tajikistan,1/1/2011,63.46
TKM,Turkmenistan,1/1/2011,1.405
TLS,Timor-Leste,1/1/2011,8.215
TTO,Trinidad and Tobago,1/1/2011,3.84
TUN,Tunisia,1/1/2011,4.195
TUR,Turkiye,1/1/2011,227
TZA,Tanzania,1/1/2011,84
UGA,Uganda,1/1/2011,39
UKR,Ukraine,1/1/2011,55.1
URY,Uruguay,1/1/2011,92.2
USA,United States,1/1/2011,2818
UZB,Uzbekistan,1/1/2011,16.34
VCT,St. Vincent and the Grenadines,1/1/2011,0.1
VEN,"Venezuela, RB",1/1/2011,805
VNM,Vietnam,1/1/2011,359.42
VUT,Vanuatu,1/1/2011,10
YEM,"Yemen, Rep.",1/1/2011,2.1
ZAF,South Africa,1/1/2011,44.8
ZMB,Zambia,1/1/2011,80.2
ZWE,Zimbabwe,1/1/2011,12.26
AFG,Afghanistan,1/1/2012,47.15
AGO,Angola,1/1/2012,148
ALB,Albania,1/1/2012,26.9
AND,Andorra,1/1/2012,0.3156
ARE,United Arab Emirates,1/1/2012,0.15
ARG,Argentina,1/1/2012,292
ARM,Armenia,1/1/2012,6.859
ATG,Antigua and Barbuda,1/1/2012,0.052
AUS,Australia,1/1/2012,492
AUT,Austria,1/1/2012,55
AZE,Azerbaijan,1/1/2012,8.115
BDI,Burundi,1/1/2012,10.06
BEL,Belgium,1/1/2012,12
BEN,Benin,1/1/2012,10.3
BFA,Burkina Faso,1/1/2012,12.5
BGD,Bangladesh,1/1/2012,105
BGR,Bulgaria,1/1/2012,21
BHR,Bahrain,1/1/2012,0.004
BHS,"Bahamas, The",1/1/2012,0.7
BIH,Bosnia and Herzegovina,1/1/2012,35.5
BLR,Belarus,1/1/2012,34
BLZ,Belize,1/1/2012,15.26
BOL,Bolivia,1/1/2012,303.5
BRA,Brazil,1/1/2012,5661
BRB,Barbados,1/1/2012,0.08
BRN,Brunei Darussalam,1/1/2012,8.5
BTN,Bhutan,1/1/2012,78
BWA,Botswana,1/1/2012,2.4
CAF,Central African Republic,1/1/2012,141
CAN,Canada,1/1/2012,2850
CHE,Switzerland,1/1/2012,40.4
CHL,Chile,1/1/2012,885
CHN,China,1/1/2012,2812.9
CIV,Cote d'Ivoire,1/1/2012,76.84
CMR,Cameroon,1/1/2012,273
COD,"Congo, Dem. Rep.",1/1/2012,900
COG,"Congo, Rep.",1/1/2012,222
COL,Colombia,1/1/2012,2145
COM,Comoros,1/1/2012,1.2
CPV,Cabo Verde,1/1/2012,0.3
CRI,Costa Rica,1/1/2012,113
CUB,Cuba,1/1/2012,38.12
CYP,Cyprus,1/1/2012,0.78
CZE,Czechia,1/1/2012,13.15
DEU,Germany,1/1/2012,107
DJI,Djibouti,1/1/2012,0.3
DMA,Dominica,1/1/2012,0.2
DNK,Denmark,1/1/2012,6
DOM,Dominican Republic,1/1/2012,23.5
DZA,Algeria,1/1/2012,11.247
ECU,Ecuador,1/1/2012,442.4
EGY,"Egypt, Arab Rep.",1/1/2012,1
ERI,Eritrea,1/1/2012,2.8
ESP,Spain,1/1/2012,111.2
EST,Estonia,1/1/2012,12.71
ETH,Ethiopia,1/1/2012,122
FIN,Finland,1/1/2012,107
FJI,Fiji,1/1/2012,28.55
FRA,France,1/1/2012,200
GAB,Gabon,1/1/2012,164
GBR,United Kingdom,1/1/2012,145
GEO,Georgia,1/1/2012,58.13
GHA,Ghana,1/1/2012,30.3
GIN,Guinea,1/1/2012,226
GMB,"Gambia, The",1/1/2012,3
GNB,Guinea-Bissau,1/1/2012,16
GNQ,Equatorial Guinea,1/1/2012,26
GRC,Greece,1/1/2012,58
GRD,Grenada,1/1/2012,0.2
GTM,Guatemala,1/1/2012,109.2
GUY,Guyana,1/1/2012,241
HND,Honduras,1/1/2012,90.66
HRV,Croatia,1/1/2012,37.7
HTI,Haiti,1/1/2012,13.007
HUN,Hungary,1/1/2012,6
IDN,Indonesia,1/1/2012,2018.7
IND,India,1/1/2012,1446
IRL,Ireland,1/1/2012,49
IRN,"Iran, Islamic Rep.",1/1/2012,128.5
IRQ,Iraq,1/1/2012,35.2
ISL,Iceland,1/1/2012,170
ISR,Israel,1/1/2012,0.75
ITA,Italy,1/1/2012,182.5
JAM,Jamaica,1/1/2012,10.823
JOR,Jordan,1/1/2012,0.682
JPN,Japan,1/1/2012,430
KAZ,Kazakhstan,1/1/2012,64.35
KEN,Kenya,1/1/2012,20.7
KGZ,Kyrgyz Republic,1/1/2012,48.93
KHM,Cambodia,1/1/2012,120.6
KNA,St. Kitts and Nevis,1/1/2012,0.024
KOR,"Korea, Rep.",1/1/2012,64.85
KWT,Kuwait,1/1/2012,0
LAO,Lao PDR,1/1/2012,190.4
LBN,Lebanon,1/1/2012,4.8
LBR,Liberia,1/1/2012,200
LBY,Libya,1/1/2012,0.7
LCA,St. Lucia,1/1/2012,0.3
LKA,Sri Lanka,1/1/2012,52.8
LSO,Lesotho,1/1/2012,5.23
LTU,Lithuania,1/1/2012,15.46
LUX,Luxembourg,1/1/2012,1
LVA,Latvia,1/1/2012,16.94
MAR,Morocco,1/1/2012,29
MDA,Moldova,1/1/2012,1.62
MDG,Madagascar,1/1/2012,337
MDV,Maldives,1/1/2012,0.03
MEX,Mexico,1/1/2012,409
MKD,North Macedonia,1/1/2012,5.4
MLI,Mali,1/1/2012,60
MLT,Malta,1/1/2012,0.0505
MMR,Myanmar,1/1/2012,1002.8
MNG,Mongolia,1/1/2012,34.8
MOZ,Mozambique,1/1/2012,100.3
MRT,Mauritania,1/1/2012,0.4
MUS,Mauritius,1/1/2012,2.751
MWI,Malawi,1/1/2012,16.14
MYS,Malaysia,1/1/2012,580
NAM,Namibia,1/1/2012,6.16
NER,Niger,1/1/2012,3.5
NGA,Nigeria,1/1/2012,221
NIC,Nicaragua,1/1/2012,156.21
NLD,Netherlands,1/1/2012,11
NOR,Norway,1/1/2012,382
NPL,Nepal,1/1/2012,198.2
NRU,Nauru,1/1/2012,0.01
NZL,New Zealand,1/1/2012,327
OMN,Oman,1/1/2012,1.4
PAK,Pakistan,1/1/2012,55
PAN,Panama,1/1/2012,136.6
PER,Peru,1/1/2012,1641
PHL,Philippines,1/1/2012,479
PNG,Papua New Guinea,1/1/2012,801
POL,Poland,1/1/2012,53.6
PRI,Puerto Rico,1/1/2012,7.1
PRK,"Korea, Dem. People's Rep.",1/1/2012,67
PRT,Portugal,1/1/2012,38
PRY,Paraguay,1/1/2012,117
PSE,West Bank and Gaza,1/1/2012,0.812
QAT,Qatar,1/1/2012,0.056
ROU,Romania,1/1/2012,42.38
RUS,Russian Federation,1/1/2012,4312
RWA,Rwanda,1/1/2012,9.5
SAU,Saudi Arabia,1/1/2012,2.4
SDN,Sudan,1/1/2012,4
SEN,Senegal,1/1/2012,25.8
SGP,Singapore,1/1/2012,0.6
SLB,Solomon Islands,1/1/2012,44.7
SLE,Sierra Leone,1/1/2012,160
SLV,El Salvador,1/1/2012,15.63
SOM,Somalia,1/1/2012,6
SRB,Serbia,1/1/2012,8.407
SSD,South Sudan,1/1/2012,26
STP,Sao Tome and Principe,1/1/2012,2.18
SUR,Suriname,1/1/2012,99
SVK,Slovak Republic,1/1/2012,12.6
SVN,Slovenia,1/1/2012,18.67
SWE,Sweden,1/1/2012,171
SWZ,Eswatini,1/1/2012,2.64
SYR,Syrian Arab Republic,1/1/2012,7.132
TCD,Chad,1/1/2012,15
TGO,Togo,1/1/2012,11.5
THA,Thailand,1/1/2012,224.51
TJK,Tajikistan,1/1/2012,63.46
TKM,Turkmenistan,1/1/2012,1.405
TLS,Timor-Leste,1/1/2012,8.215
TTO,Trinidad and Tobago,1/1/2012,3.84
TUN,Tunisia,1/1/2012,4.195
TUR,Turkiye,1/1/2012,227
TZA,Tanzania,1/1/2012,84
UGA,Uganda,1/1/2012,39
UKR,Ukraine,1/1/2012,55.1
URY,Uruguay,1/1/2012,92.2
USA,United States,1/1/2012,2818
UZB,Uzbekistan,1/1/2012,16.34
VCT,St. Vincent and the Grenadines,1/1/2012,0.1
VEN,"Venezuela, RB",1/1/2012,805
VNM,Vietnam,1/1/2012,359.42
VUT,Vanuatu,1/1/2012,10
YEM,"Yemen, Rep.",1/1/2012,2.1
ZAF,South Africa,1/1/2012,44.8
ZMB,Zambia,1/1/2012,80.2
ZWE,Zimbabwe,1/1/2012,12.26
AFG,Afghanistan,1/1/2013,47.15
AGO,Angola,1/1/2013,148
ALB,Albania,1/1/2013,26.9
AND,Andorra,1/1/2013,0.3156
ARE,United Arab Emirates,1/1/2013,0.15
ARG,Argentina,1/1/2013,292
ARM,Armenia,1/1/2013,6.859
ATG,Antigua and Barbuda,1/1/2013,0.052
AUS,Australia,1/1/2013,492
AUT,Austria,1/1/2013,55
AZE,Azerbaijan,1/1/2013,8.115
BDI,Burundi,1/1/2013,10.06
BEL,Belgium,1/1/2013,12
BEN,Benin,1/1/2013,10.3
BFA,Burkina Faso,1/1/2013,12.5
BGD,Bangladesh,1/1/2013,105
BGR,Bulgaria,1/1/2013,21
BHR,Bahrain,1/1/2013,0.004
BHS,"Bahamas, The",1/1/2013,0.7
BIH,Bosnia and Herzegovina,1/1/2013,35.5
BLR,Belarus,1/1/2013,34
BLZ,Belize,1/1/2013,15.26
BOL,Bolivia,1/1/2013,303.5
BRA,Brazil,1/1/2013,5661
BRB,Barbados,1/1/2013,0.08
BRN,Brunei Darussalam,1/1/2013,8.5
BTN,Bhutan,1/1/2013,78
BWA,Botswana,1/1/2013,2.4
CAF,Central African Republic,1/1/2013,141
CAN,Canada,1/1/2013,2850
CHE,Switzerland,1/1/2013,40.4
CHL,Chile,1/1/2013,885
CHN,China,1/1/2013,2812.9
CIV,Cote d'Ivoire,1/1/2013,76.84
CMR,Cameroon,1/1/2013,273
COD,"Congo, Dem. Rep.",1/1/2013,900
COG,"Congo, Rep.",1/1/2013,222
COL,Colombia,1/1/2013,2145
COM,Comoros,1/1/2013,1.2
CPV,Cabo Verde,1/1/2013,0.3
CRI,Costa Rica,1/1/2013,113
CUB,Cuba,1/1/2013,38.12
CYP,Cyprus,1/1/2013,0.78
CZE,Czechia,1/1/2013,13.15
DEU,Germany,1/1/2013,107
DJI,Djibouti,1/1/2013,0.3
DMA,Dominica,1/1/2013,0.2
DNK,Denmark,1/1/2013,6
DOM,Dominican Republic,1/1/2013,23.5
DZA,Algeria,1/1/2013,11.247
ECU,Ecuador,1/1/2013,442.4
EGY,"Egypt, Arab Rep.",1/1/2013,1
ERI,Eritrea,1/1/2013,2.8
ESP,Spain,1/1/2013,111.2
EST,Estonia,1/1/2013,12.71
ETH,Ethiopia,1/1/2013,122
FIN,Finland,1/1/2013,107
FJI,Fiji,1/1/2013,28.55
FRA,France,1/1/2013,200
GAB,Gabon,1/1/2013,164
GBR,United Kingdom,1/1/2013,145
GEO,Georgia,1/1/2013,58.13
GHA,Ghana,1/1/2013,30.3
GIN,Guinea,1/1/2013,226
GMB,"Gambia, The",1/1/2013,3
GNB,Guinea-Bissau,1/1/2013,16
GNQ,Equatorial Guinea,1/1/2013,26
GRC,Greece,1/1/2013,58
GRD,Grenada,1/1/2013,0.2
GTM,Guatemala,1/1/2013,109.2
GUY,Guyana,1/1/2013,241
HND,Honduras,1/1/2013,90.66
HRV,Croatia,1/1/2013,37.7
HTI,Haiti,1/1/2013,13.007
HUN,Hungary,1/1/2013,6
IDN,Indonesia,1/1/2013,2018.7
IND,India,1/1/2013,1446
IRL,Ireland,1/1/2013,49
IRN,"Iran, Islamic Rep.",1/1/2013,128.5
IRQ,Iraq,1/1/2013,35.2
ISL,Iceland,1/1/2013,170
ISR,Israel,1/1/2013,0.75
ITA,Italy,1/1/2013,182.5
JAM,Jamaica,1/1/2013,10.823
JOR,Jordan,1/1/2013,0.682
JPN,Japan,1/1/2013,430
KAZ,Kazakhstan,1/1/2013,64.35
KEN,Kenya,1/1/2013,20.7
KGZ,Kyrgyz Republic,1/1/2013,48.93
KHM,Cambodia,1/1/2013,120.6
KNA,St. Kitts and Nevis,1/1/2013,0.024
KOR,"Korea, Rep.",1/1/2013,64.85
KWT,Kuwait,1/1/2013,0
LAO,Lao PDR,1/1/2013,190.4
LBN,Lebanon,1/1/2013,4.8
LBR,Liberia,1/1/2013,200
LBY,Libya,1/1/2013,0.7
LCA,St. Lucia,1/1/2013,0.3
LKA,Sri Lanka,1/1/2013,52.8
LSO,Lesotho,1/1/2013,5.23
LTU,Lithuania,1/1/2013,15.46
LUX,Luxembourg,1/1/2013,1
LVA,Latvia,1/1/2013,16.94
MAR,Morocco,1/1/2013,29
MDA,Moldova,1/1/2013,1.62
MDG,Madagascar,1/1/2013,337
MDV,Maldives,1/1/2013,0.03
MEX,Mexico,1/1/2013,409
MKD,North Macedonia,1/1/2013,5.4
MLI,Mali,1/1/2013,60
MLT,Malta,1/1/2013,0.0505
MMR,Myanmar,1/1/2013,1002.8
MNG,Mongolia,1/1/2013,34.8
MOZ,Mozambique,1/1/2013,100.3
MRT,Mauritania,1/1/2013,0.4
MUS,Mauritius,1/1/2013,2.751
MWI,Malawi,1/1/2013,16.14
MYS,Malaysia,1/1/2013,580
NAM,Namibia,1/1/2013,6.16
NER,Niger,1/1/2013,3.5
NGA,Nigeria,1/1/2013,221
NIC,Nicaragua,1/1/2013,156.21
NLD,Netherlands,1/1/2013,11
NOR,Norway,1/1/2013,382
NPL,Nepal,1/1/2013,198.2
NRU,Nauru,1/1/2013,0.01
NZL,New Zealand,1/1/2013,327
OMN,Oman,1/1/2013,1.4
PAK,Pakistan,1/1/2013,55
PAN,Panama,1/1/2013,136.6
PER,Peru,1/1/2013,1641
PHL,Philippines,1/1/2013,479
PNG,Papua New Guinea,1/1/2013,801
POL,Poland,1/1/2013,53.6
PRI,Puerto Rico,1/1/2013,7.1
PRK,"Korea, Dem. People's Rep.",1/1/2013,67
PRT,Portugal,1/1/2013,38
PRY,Paraguay,1/1/2013,117
PSE,West Bank and Gaza,1/1/2013,0.812
QAT,Qatar,1/1/2013,0.056
ROU,Romania,1/1/2013,42.38
RUS,Russian Federation,1/1/2013,4312
RWA,Rwanda,1/1/2013,9.5
SAU,Saudi Arabia,1/1/2013,2.4
SDN,Sudan,1/1/2013,4
SEN,Senegal,1/1/2013,25.8
SGP,Singapore,1/1/2013,0.6
SLB,Solomon Islands,1/1/2013,44.7
SLE,Sierra Leone,1/1/2013,160
SLV,El Salvador,1/1/2013,15.63
SOM,Somalia,1/1/2013,6
SRB,Serbia,1/1/2013,8.407
SSD,South Sudan,1/1/2013,26
STP,Sao Tome and Principe,1/1/2013,2.18
SUR,Suriname,1/1/2013,99
SVK,Slovak Republic,1/1/2013,12.6
SVN,Slovenia,1/1/2013,18.67
SWE,Sweden,1/1/2013,171
SWZ,Eswatini,1/1/2013,2.64
SYR,Syrian Arab Republic,1/1/2013,7.132
TCD,Chad,1/1/2013,15
TGO,Togo,1/1/2013,11.5
THA,Thailand,1/1/2013,224.51
TJK,Tajikistan,1/1/2013,63.46
TKM,Turkmenistan,1/1/2013,1.405
TLS,Timor-Leste,1/1/2013,8.215
TTO,Trinidad and Tobago,1/1/2013,3.84
TUN,Tunisia,1/1/2013,4.195
TUR,Turkiye,1/1/2013,227
TZA,Tanzania,1/1/2013,84
UGA,Uganda,1/1/2013,39
UKR,Ukraine,1/1/2013,55.1
URY,Uruguay,1/1/2013,92.2
USA,United States,1/1/2013,2818
UZB,Uzbekistan,1/1/2013,16.34
VCT,St. Vincent and the Grenadines,1/1/2013,0.1
VEN,"Venezuela, RB",1/1/2013,805
VNM,Vietnam,1/1/2013,359.42
VUT,Vanuatu,1/1/2013,10
YEM,"Yemen, Rep.",1/1/2013,2.1
ZAF,South Africa,1/1/2013,44.8
ZMB,Zambia,1/1/2013,80.2
ZWE,Zimbabwe,1/1/2013,12.26
AFG,Afghanistan,1/1/2014,47.15
AGO,Angola,1/1/2014,148
ALB,Albania,1/1/2014,26.9
AND,Andorra,1/1/2014,0.3156
ARE,United Arab Emirates,1/1/2014,0.15
ARG,Argentina,1/1/2014,292
ARM,Armenia,1/1/2014,6.859
ATG,Antigua and Barbuda,1/1/2014,0.052
AUS,Australia,1/1/2014,492
AUT,Austria,1/1/2014,55
AZE,Azerbaijan,1/1/2014,8.115
BDI,Burundi,1/1/2014,10.06
BEL,Belgium,1/1/2014,12
BEN,Benin,1/1/2014,10.3
BFA,Burkina Faso,1/1/2014,12.5
BGD,Bangladesh,1/1/2014,105
BGR,Bulgaria,1/1/2014,21
BHR,Bahrain,1/1/2014,0.004
BHS,"Bahamas, The",1/1/2014,0.7
BIH,Bosnia and Herzegovina,1/1/2014,35.5
BLR,Belarus,1/1/2014,34
BLZ,Belize,1/1/2014,15.26
BOL,Bolivia,1/1/2014,303.5
BRA,Brazil,1/1/2014,5661
BRB,Barbados,1/1/2014,0.08
BRN,Brunei Darussalam,1/1/2014,8.5
BTN,Bhutan,1/1/2014,78
BWA,Botswana,1/1/2014,2.4
CAF,Central African Republic,1/1/2014,141
CAN,Canada,1/1/2014,2850
CHE,Switzerland,1/1/2014,40.4
CHL,Chile,1/1/2014,885
CHN,China,1/1/2014,2812.9
CIV,Cote d'Ivoire,1/1/2014,76.84
CMR,Cameroon,1/1/2014,273
COD,"Congo, Dem. Rep.",1/1/2014,900
COG,"Congo, Rep.",1/1/2014,222
COL,Colombia,1/1/2014,2145
COM,Comoros,1/1/2014,1.2
CPV,Cabo Verde,1/1/2014,0.3
CRI,Costa Rica,1/1/2014,113
CUB,Cuba,1/1/2014,38.12
CYP,Cyprus,1/1/2014,0.78
CZE,Czechia,1/1/2014,13.15
DEU,Germany,1/1/2014,107
DJI,Djibouti,1/1/2014,0.3
DMA,Dominica,1/1/2014,0.2
DNK,Denmark,1/1/2014,6
DOM,Dominican Republic,1/1/2014,23.5
DZA,Algeria,1/1/2014,11.247
ECU,Ecuador,1/1/2014,442.4
EGY,"Egypt, Arab Rep.",1/1/2014,1
ERI,Eritrea,1/1/2014,2.8
ESP,Spain,1/1/2014,111.2
EST,Estonia,1/1/2014,12.71
ETH,Ethiopia,1/1/2014,122
FIN,Finland,1/1/2014,107
FJI,Fiji,1/1/2014,28.55
FRA,France,1/1/2014,200
GAB,Gabon,1/1/2014,164
GBR,United Kingdom,1/1/2014,145
GEO,Georgia,1/1/2014,58.13
GHA,Ghana,1/1/2014,30.3
GIN,Guinea,1/1/2014,226
GMB,"Gambia, The",1/1/2014,3
GNB,Guinea-Bissau,1/1/2014,16
GNQ,Equatorial Guinea,1/1/2014,26
GRC,Greece,1/1/2014,58
GRD,Grenada,1/1/2014,0.2
GTM,Guatemala,1/1/2014,109.2
GUY,Guyana,1/1/2014,241
HND,Honduras,1/1/2014,90.66
HRV,Croatia,1/1/2014,37.7
HTI,Haiti,1/1/2014,13.007
HUN,Hungary,1/1/2014,6
IDN,Indonesia,1/1/2014,2018.7
IND,India,1/1/2014,1446
IRL,Ireland,1/1/2014,49
IRN,"Iran, Islamic Rep.",1/1/2014,128.5
IRQ,Iraq,1/1/2014,35.2
ISL,Iceland,1/1/2014,170
ISR,Israel,1/1/2014,0.75
ITA,Italy,1/1/2014,182.5
JAM,Jamaica,1/1/2014,10.823
JOR,Jordan,1/1/2014,0.682
JPN,Japan,1/1/2014,430
KAZ,Kazakhstan,1/1/2014,64.35
KEN,Kenya,1/1/2014,20.7
KGZ,Kyrgyz Republic,1/1/2014,48.93
KHM,Cambodia,1/1/2014,120.6
KNA,St. Kitts and Nevis,1/1/2014,0.024
KOR,"Korea, Rep.",1/1/2014,64.85
KWT,Kuwait,1/1/2014,0
LAO,Lao PDR,1/1/2014,190.4
LBN,Lebanon,1/1/2014,4.8
LBR,Liberia,1/1/2014,200
LBY,Libya,1/1/2014,0.7
LCA,St. Lucia,1/1/2014,0.3
LKA,Sri Lanka,1/1/2014,52.8
LSO,Lesotho,1/1/2014,5.23
LTU,Lithuania,1/1/2014,15.46
LUX,Luxembourg,1/1/2014,1
LVA,Latvia,1/1/2014,16.94
MAR,Morocco,1/1/2014,29
MDA,Moldova,1/1/2014,1.62
MDG,Madagascar,1/1/2014,337
MDV,Maldives,1/1/2014,0.03
MEX,Mexico,1/1/2014,409
MKD,North Macedonia,1/1/2014,5.4
MLI,Mali,1/1/2014,60
MLT,Malta,1/1/2014,0.0505
MMR,Myanmar,1/1/2014,1002.8
MNG,Mongolia,1/1/2014,34.8
MOZ,Mozambique,1/1/2014,100.3
MRT,Mauritania,1/1/2014,0.4
MUS,Mauritius,1/1/2014,2.751
MWI,Malawi,1/1/2014,16.14
MYS,Malaysia,1/1/2014,580
NAM,Namibia,1/1/2014,6.16
NER,Niger,1/1/2014,3.5
NGA,Nigeria,1/1/2014,221
NIC,Nicaragua,1/1/2014,156.21
NLD,Netherlands,1/1/2014,11
NOR,Norway,1/1/2014,382
NPL,Nepal,1/1/2014,198.2
NRU,Nauru,1/1/2014,0.01
NZL,New Zealand,1/1/2014,327
OMN,Oman,1/1/2014,1.4
PAK,Pakistan,1/1/2014,55
PAN,Panama,1/1/2014,136.6
PER,Peru,1/1/2014,1641
PHL,Philippines,1/1/2014,479
PNG,Papua New Guinea,1/1/2014,801
POL,Poland,1/1/2014,53.6
PRI,Puerto Rico,1/1/2014,7.1
PRK,"Korea, Dem. People's Rep.",1/1/2014,67
PRT,Portugal,1/1/2014,38
PRY,Paraguay,1/1/2014,117
PSE,West Bank and Gaza,1/1/2014,0.812
QAT,Qatar,1/1/2014,0.056
ROU,Romania,1/1/2014,42.38
RUS,Russian Federation,1/1/2014,4312
RWA,Rwanda,1/1/2014,9.5
SAU,Saudi Arabia,1/1/2014,2.4
SDN,Sudan,1/1/2014,4
SEN,Senegal,1/1/2014,25.8
SGP,Singapore,1/1/2014,0.6
SLB,Solomon Islands,1/1/2014,44.7
SLE,Sierra Leone,1/1/2014,160
SLV,El Salvador,1/1/2014,15.63
SOM,Somalia,1/1/2014,6
SRB,Serbia,1/1/2014,8.407
SSD,South Sudan,1/1/2014,26
STP,Sao Tome and Principe,1/1/2014,2.18
SUR,Suriname,1/1/2014,99
SVK,Slovak Republic,1/1/2014,12.6
SVN,Slovenia,1/1/2014,18.67
SWE,Sweden,1/1/2014,171
SWZ,Eswatini,1/1/2014,2.64
SYR,Syrian Arab Republic,1/1/2014,7.132
TCD,Chad,1/1/2014,15
TGO,Togo,1/1/2014,11.5
THA,Thailand,1/1/2014,224.51
TJK,Tajikistan,1/1/2014,63.46
TKM,Turkmenistan,1/1/2014,1.405
TLS,Timor-Leste,1/1/2014,8.215
TTO,Trinidad and Tobago,1/1/2014,3.84
TUN,Tunisia,1/1/2014,4.195
TUR,Turkiye,1/1/2014,227
TZA,Tanzania,1/1/2014,84
UGA,Uganda,1/1/2014,39
UKR,Ukraine,1/1/2014,55.1
URY,Uruguay,1/1/2014,92.2
USA,United States,1/1/2014,2818
UZB,Uzbekistan,1/1/2014,16.34
VCT,St. Vincent and the Grenadines,1/1/2014,0.1
VEN,"Venezuela, RB",1/1/2014,805
VNM,Vietnam,1/1/2014,359.42
VUT,Vanuatu,1/1/2014,10
YEM,"Yemen, Rep.",1/1/2014,2.1
ZAF,South Africa,1/1/2014,44.8
ZMB,Zambia,1/1/2014,80.2
ZWE,Zimbabwe,1/1/2014,12.26
AFG,Afghanistan,1/1/2015,47.15
AGO,Angola,1/1/2015,148
ALB,Albania,1/1/2015,26.9
AND,Andorra,1/1/2015,0.3156
ARE,United Arab Emirates,1/1/2015,0.15
ARG,Argentina,1/1/2015,292
ARM,Armenia,1/1/2015,6.859
ATG,Antigua and Barbuda,1/1/2015,0.052
AUS,Australia,1/1/2015,492
AUT,Austria,1/1/2015,55
AZE,Azerbaijan,1/1/2015,8.115
BDI,Burundi,1/1/2015,10.06
BEL,Belgium,1/1/2015,12
BEN,Benin,1/1/2015,10.3
BFA,Burkina Faso,1/1/2015,12.5
BGD,Bangladesh,1/1/2015,105
BGR,Bulgaria,1/1/2015,21
BHR,Bahrain,1/1/2015,0.004
BHS,"Bahamas, The",1/1/2015,0.7
BIH,Bosnia and Herzegovina,1/1/2015,35.5
BLR,Belarus,1/1/2015,34
BLZ,Belize,1/1/2015,15.26
BOL,Bolivia,1/1/2015,303.5
BRA,Brazil,1/1/2015,5661
BRB,Barbados,1/1/2015,0.08
BRN,Brunei Darussalam,1/1/2015,8.5
BTN,Bhutan,1/1/2015,78
BWA,Botswana,1/1/2015,2.4
CAF,Central African Republic,1/1/2015,141
CAN,Canada,1/1/2015,2850
CHE,Switzerland,1/1/2015,40.4
CHL,Chile,1/1/2015,885
CHN,China,1/1/2015,2812.9
CIV,Cote d'Ivoire,1/1/2015,76.84
CMR,Cameroon,1/1/2015,273
COD,"Congo, Dem. Rep.",1/1/2015,900
COG,"Congo, Rep.",1/1/2015,222
COL,Colombia,1/1/2015,2145
COM,Comoros,1/1/2015,1.2
CPV,Cabo Verde,1/1/2015,0.3
CRI,Costa Rica,1/1/2015,113
CUB,Cuba,1/1/2015,38.12
CYP,Cyprus,1/1/2015,0.78
CZE,Czechia,1/1/2015,13.15
DEU,Germany,1/1/2015,107
DJI,Djibouti,1/1/2015,0.3
DMA,Dominica,1/1/2015,0.2
DNK,Denmark,1/1/2015,6
DOM,Dominican Republic,1/1/2015,23.5
DZA,Algeria,1/1/2015,11.247
ECU,Ecuador,1/1/2015,442.4
EGY,"Egypt, Arab Rep.",1/1/2015,1
ERI,Eritrea,1/1/2015,2.8
ESP,Spain,1/1/2015,111.2
EST,Estonia,1/1/2015,12.71
ETH,Ethiopia,1/1/2015,122
FIN,Finland,1/1/2015,107
FJI,Fiji,1/1/2015,28.55
FRA,France,1/1/2015,200
GAB,Gabon,1/1/2015,164
GBR,United Kingdom,1/1/2015,145
GEO,Georgia,1/1/2015,58.13
GHA,Ghana,1/1/2015,30.3
GIN,Guinea,1/1/2015,226
GMB,"Gambia, The",1/1/2015,3
GNB,Guinea-Bissau,1/1/2015,16
GNQ,Equatorial Guinea,1/1/2015,26
GRC,Greece,1/1/2015,58
GRD,Grenada,1/1/2015,0.2
GTM,Guatemala,1/1/2015,109.2
GUY,Guyana,1/1/2015,241
HND,Honduras,1/1/2015,90.66
HRV,Croatia,1/1/2015,37.7
HTI,Haiti,1/1/2015,13.007
HUN,Hungary,1/1/2015,6
IDN,Indonesia,1/1/2015,2018.7
IND,India,1/1/2015,1446
IRL,Ireland,1/1/2015,49
IRN,"Iran, Islamic Rep.",1/1/2015,128.5
IRQ,Iraq,1/1/2015,35.2
ISL,Iceland,1/1/2015,170
ISR,Israel,1/1/2015,0.75
ITA,Italy,1/1/2015,182.5
JAM,Jamaica,1/1/2015,10.823
JOR,Jordan,1/1/2015,0.682
JPN,Japan,1/1/2015,430
KAZ,Kazakhstan,1/1/2015,64.35
KEN,Kenya,1/1/2015,20.7
KGZ,Kyrgyz Republic,1/1/2015,48.93
KHM,Cambodia,1/1/2015,120.6
KNA,St. Kitts and Nevis,1/1/2015,0.024
KOR,"Korea, Rep.",1/1/2015,64.85
KWT,Kuwait,1/1/2015,0
LAO,Lao PDR,1/1/2015,190.4
LBN,Lebanon,1/1/2015,4.8
LBR,Liberia,1/1/2015,200
LBY,Libya,1/1/2015,0.7
LCA,St. Lucia,1/1/2015,0.3
LKA,Sri Lanka,1/1/2015,52.8
LSO,Lesotho,1/1/2015,5.23
LTU,Lithuania,1/1/2015,15.46
LUX,Luxembourg,1/1/2015,1
LVA,Latvia,1/1/2015,16.94
MAR,Morocco,1/1/2015,29
MDA,Moldova,1/1/2015,1.62
MDG,Madagascar,1/1/2015,337
MDV,Maldives,1/1/2015,0.03
MEX,Mexico,1/1/2015,409
MKD,North Macedonia,1/1/2015,5.4
MLI,Mali,1/1/2015,60
MLT,Malta,1/1/2015,0.0505
MMR,Myanmar,1/1/2015,1002.8
MNG,Mongolia,1/1/2015,34.8
MOZ,Mozambique,1/1/2015,100.3
MRT,Mauritania,1/1/2015,0.4
MUS,Mauritius,1/1/2015,2.751
MWI,Malawi,1/1/2015,16.14
MYS,Malaysia,1/1/2015,580
NAM,Namibia,1/1/2015,6.16
NER,Niger,1/1/2015,3.5
NGA,Nigeria,1/1/2015,221
NIC,Nicaragua,1/1/2015,156.21
NLD,Netherlands,1/1/2015,11
NOR,Norway,1/1/2015,382
NPL,Nepal,1/1/2015,198.2
NRU,Nauru,1/1/2015,0.01
NZL,New Zealand,1/1/2015,327
OMN,Oman,1/1/2015,1.4
PAK,Pakistan,1/1/2015,55
PAN,Panama,1/1/2015,136.6
PER,Peru,1/1/2015,1641
PHL,Philippines,1/1/2015,479
PNG,Papua New Guinea,1/1/2015,801
POL,Poland,1/1/2015,53.6
PRI,Puerto Rico,1/1/2015,7.1
PRK,"Korea, Dem. People's Rep.",1/1/2015,67
PRT,Portugal,1/1/2015,38
PRY,Paraguay,1/1/2015,117
PSE,West Bank and Gaza,1/1/2015,0.812
QAT,Qatar,1/1/2015,0.056
ROU,Romania,1/1/2015,42.38
RUS,Russian Federation,1/1/2015,4312
RWA,Rwanda,1/1/2015,9.5
SAU,Saudi Arabia,1/1/2015,2.4
SDN,Sudan,1/1/2015,4
SEN,Senegal,1/1/2015,25.8
SGP,Singapore,1/1/2015,0.6
SLB,Solomon Islands,1/1/2015,44.7
SLE,Sierra Leone,1/1/2015,160
SLV,El Salvador,1/1/2015,15.63
SOM,Somalia,1/1/2015,6
SRB,Serbia,1/1/2015,8.407
SSD,South Sudan,1/1/2015,26
STP,Sao Tome and Principe,1/1/2015,2.18
SUR,Suriname,1/1/2015,99
SVK,Slovak Republic,1/1/2015,12.6
SVN,Slovenia,1/1/2015,18.67
SWE,Sweden,1/1/2015,171
SWZ,Eswatini,1/1/2015,2.64
SYR,Syrian Arab Republic,1/1/2015,7.132
TCD,Chad,1/1/2015,15
TGO,Togo,1/1/2015,11.5
THA,Thailand,1/1/2015,224.51
TJK,Tajikistan,1/1/2015,63.46
TKM,Turkmenistan,1/1/2015,1.405
TLS,Timor-Leste,1/1/2015,8.215
TTO,Trinidad and Tobago,1/1/2015,3.84
TUN,Tunisia,1/1/2015,4.195
TUR,Turkiye,1/1/2015,227
TZA,Tanzania,1/1/2015,84
UGA,Uganda,1/1/2015,39
UKR,Ukraine,1/1/2015,55.1
URY,Uruguay,1/1/2015,92.2
USA,United States,1/1/2015,2818
UZB,Uzbekistan,1/1/2015,16.34
VCT,St. Vincent and the Grenadines,1/1/2015,0.1
VEN,"Venezuela, RB",1/1/2015,805
VNM,Vietnam,1/1/2015,359.42
VUT,Vanuatu,1/1/2015,10
YEM,"Yemen, Rep.",1/1/2015,2.1
ZAF,South Africa,1/1/2015,44.8
ZMB,Zambia,1/1/2015,80.2
ZWE,Zimbabwe,1/1/2015,12.26
AFG,Afghanistan,1/1/2016,47.15
AGO,Angola,1/1/2016,148
ALB,Albania,1/1/2016,26.9
AND,Andorra,1/1/2016,0.3156
ARE,United Arab Emirates,1/1/2016,0.15
ARG,Argentina,1/1/2016,292
ARM,Armenia,1/1/2016,6.859
ATG,Antigua and Barbuda,1/1/2016,0.052
AUS,Australia,1/1/2016,492
AUT,Austria,1/1/2016,55
AZE,Azerbaijan,1/1/2016,8.115
BDI,Burundi,1/1/2016,10.06
BEL,Belgium,1/1/2016,12
BEN,Benin,1/1/2016,10.3
BFA,Burkina Faso,1/1/2016,12.5
BGD,Bangladesh,1/1/2016,105
BGR,Bulgaria,1/1/2016,21
BHR,Bahrain,1/1/2016,0.004
BHS,"Bahamas, The",1/1/2016,0.7
BIH,Bosnia and Herzegovina,1/1/2016,35.5
BLR,Belarus,1/1/2016,34
BLZ,Belize,1/1/2016,15.26
BOL,Bolivia,1/1/2016,303.5
BRA,Brazil,1/1/2016,5661
BRB,Barbados,1/1/2016,0.08
BRN,Brunei Darussalam,1/1/2016,8.5
BTN,Bhutan,1/1/2016,78
BWA,Botswana,1/1/2016,2.4
CAF,Central African Republic,1/1/2016,141
CAN,Canada,1/1/2016,2850
CHE,Switzerland,1/1/2016,40.4
CHL,Chile,1/1/2016,885
CHN,China,1/1/2016,2812.9
CIV,Cote d'Ivoire,1/1/2016,76.84
CMR,Cameroon,1/1/2016,273
COD,"Congo, Dem. Rep.",1/1/2016,900
COG,"Congo, Rep.",1/1/2016,222
COL,Colombia,1/1/2016,2145
COM,Comoros,1/1/2016,1.2
CPV,Cabo Verde,1/1/2016,0.3
CRI,Costa Rica,1/1/2016,113
CUB,Cuba,1/1/2016,38.12
CYP,Cyprus,1/1/2016,0.78
CZE,Czechia,1/1/2016,13.15
DEU,Germany,1/1/2016,107
DJI,Djibouti,1/1/2016,0.3
DMA,Dominica,1/1/2016,0.2
DNK,Denmark,1/1/2016,6
DOM,Dominican Republic,1/1/2016,23.5
DZA,Algeria,1/1/2016,11.247
ECU,Ecuador,1/1/2016,442.4
EGY,"Egypt, Arab Rep.",1/1/2016,1
ERI,Eritrea,1/1/2016,2.8
ESP,Spain,1/1/2016,111.2
EST,Estonia,1/1/2016,12.71
ETH,Ethiopia,1/1/2016,122
FIN,Finland,1/1/2016,107
FJI,Fiji,1/1/2016,28.55
FRA,France,1/1/2016,200
GAB,Gabon,1/1/2016,164
GBR,United Kingdom,1/1/2016,145
GEO,Georgia,1/1/2016,58.13
GHA,Ghana,1/1/2016,30.3
GIN,Guinea,1/1/2016,226
GMB,"Gambia, The",1/1/2016,3
GNB,Guinea-Bissau,1/1/2016,16
GNQ,Equatorial Guinea,1/1/2016,26
GRC,Greece,1/1/2016,58
GRD,Grenada,1/1/2016,0.2
GTM,Guatemala,1/1/2016,109.2
GUY,Guyana,1/1/2016,241
HND,Honduras,1/1/2016,90.66
HRV,Croatia,1/1/2016,37.7
HTI,Haiti,1/1/2016,13.007
HUN,Hungary,1/1/2016,6
IDN,Indonesia,1/1/2016,2018.7
IND,India,1/1/2016,1446
IRL,Ireland,1/1/2016,49
IRN,"Iran, Islamic Rep.",1/1/2016,128.5
IRQ,Iraq,1/1/2016,35.2
ISL,Iceland,1/1/2016,170
ISR,Israel,1/1/2016,0.75
ITA,Italy,1/1/2016,182.5
JAM,Jamaica,1/1/2016,10.823
JOR,Jordan,1/1/2016,0.682
JPN,Japan,1/1/2016,430
KAZ,Kazakhstan,1/1/2016,64.35
KEN,Kenya,1/1/2016,20.7
KGZ,Kyrgyz Republic,1/1/2016,48.93
KHM,Cambodia,1/1/2016,120.6
KNA,St. Kitts and Nevis,1/1/2016,0.024
KOR,"Korea, Rep.",1/1/2016,64.85
KWT,Kuwait,1/1/2016,0
LAO,Lao PDR,1/1/2016,190.4
LBN,Lebanon,1/1/2016,4.8
LBR,Liberia,1/1/2016,200
LBY,Libya,1/1/2016,0.7
LCA,St. Lucia,1/1/2016,0.3
LKA,Sri Lanka,1/1/2016,52.8
LSO,Lesotho,1/1/2016,5.23
LTU,Lithuania,1/1/2016,15.46
LUX,Luxembourg,1/1/2016,1
LVA,Latvia,1/1/2016,16.94
MAR,Morocco,1/1/2016,29
MDA,Moldova,1/1/2016,1.62
MDG,Madagascar,1/1/2016,337
MDV,Maldives,1/1/2016,0.03
MEX,Mexico,1/1/2016,409
MKD,North Macedonia,1/1/2016,5.4
MLI,Mali,1/1/2016,60
MLT,Malta,1/1/2016,0.0505
MMR,Myanmar,1/1/2016,1002.8
MNG,Mongolia,1/1/2016,34.8
MOZ,Mozambique,1/1/2016,100.3
MRT,Mauritania,1/1/2016,0.4
MUS,Mauritius,1/1/2016,2.751
MWI,Malawi,1/1/2016,16.14
MYS,Malaysia,1/1/2016,580
NAM,Namibia,1/1/2016,6.16
NER,Niger,1/1/2016,3.5
NGA,Nigeria,1/1/2016,221
NIC,Nicaragua,1/1/2016,156.21
NLD,Netherlands,1/1/2016,11
NOR,Norway,1/1/2016,382
NPL,Nepal,1/1/2016,198.2
NRU,Nauru,1/1/2016,0.01
NZL,New Zealand,1/1/2016,327
OMN,Oman,1/1/2016,1.4
PAK,Pakistan,1/1/2016,55
PAN,Panama,1/1/2016,136.6
PER,Peru,1/1/2016,1641
PHL,Philippines,1/1/2016,479
PNG,Papua New Guinea,1/1/2016,801
POL,Poland,1/1/2016,53.6
PRI,Puerto Rico,1/1/2016,7.1
PRK,"Korea, Dem. People's Rep.",1/1/2016,67
PRT,Portugal,1/1/2016,38
PRY,Paraguay,1/1/2016,117
PSE,West Bank and Gaza,1/1/2016,0.812
QAT,Qatar,1/1/2016,0.056
ROU,Romania,1/1/2016,42.38
RUS,Russian Federation,1/1/2016,4312
RWA,Rwanda,1/1/2016,9.5
SAU,Saudi Arabia,1/1/2016,2.4
SDN,Sudan,1/1/2016,4
SEN,Senegal,1/1/2016,25.8
SGP,Singapore,1/1/2016,0.6
SLB,Solomon Islands,1/1/2016,44.7
SLE,Sierra Leone,1/1/2016,160
SLV,El Salvador,1/1/2016,15.63
SOM,Somalia,1/1/2016,6
SRB,Serbia,1/1/2016,8.407
SSD,South Sudan,1/1/2016,26
STP,Sao Tome and Principe,1/1/2016,2.18
SUR,Suriname,1/1/2016,99
SVK,Slovak Republic,1/1/2016,12.6
SVN,Slovenia,1/1/2016,18.67
SWE,Sweden,1/1/2016,171
SWZ,Eswatini,1/1/2016,2.64
SYR,Syrian Arab Republic,1/1/2016,7.132
TCD,Chad,1/1/2016,15
TGO,Togo,1/1/2016,11.5
THA,Thailand,1/1/2016,224.51
TJK,Tajikistan,1/1/2016,63.46
TKM,Turkmenistan,1/1/2016,1.405
TLS,Timor-Leste,1/1/2016,8.215
TTO,Trinidad and Tobago,1/1/2016,3.84
TUN,Tunisia,1/1/2016,4.195
TUR,Turkiye,1/1/2016,227
TZA,Tanzania,1/1/2016,84
UGA,Uganda,1/1/2016,39
UKR,Ukraine,1/1/2016,55.1
URY,Uruguay,1/1/2016,92.2
USA,United States,1/1/2016,2818
UZB,Uzbekistan,1/1/2016,16.34
VCT,St. Vincent and the Grenadines,1/1/2016,0.1
VEN,"Venezuela, RB",1/1/2016,805
VNM,Vietnam,1/1/2016,359.42
VUT,Vanuatu,1/1/2016,10
YEM,"Yemen, Rep.",1/1/2016,2.1
ZAF,South Africa,1/1/2016,44.8
ZMB,Zambia,1/1/2016,80.2
ZWE,Zimbabwe,1/1/2016,12.26
AFG,Afghanistan,1/1/2017,47.15
AGO,Angola,1/1/2017,148
ALB,Albania,1/1/2017,26.9
AND,Andorra,1/1/2017,0.3156
ARE,United Arab Emirates,1/1/2017,0.15
ARG,Argentina,1/1/2017,292
ARM,Armenia,1/1/2017,6.859
ATG,Antigua and Barbuda,1/1/2017,0.052
AUS,Australia,1/1/2017,492
AUT,Austria,1/1/2017,55
AZE,Azerbaijan,1/1/2017,8.115
BDI,Burundi,1/1/2017,10.06
BEL,Belgium,1/1/2017,12
BEN,Benin,1/1/2017,10.3
BFA,Burkina Faso,1/1/2017,12.5
BGD,Bangladesh,1/1/2017,105
BGR,Bulgaria,1/1/2017,21
BHR,Bahrain,1/1/2017,0.004
BHS,"Bahamas, The",1/1/2017,0.7
BIH,Bosnia and Herzegovina,1/1/2017,35.5
BLR,Belarus,1/1/2017,34
BLZ,Belize,1/1/2017,15.26
BOL,Bolivia,1/1/2017,303.5
BRA,Brazil,1/1/2017,5661
BRB,Barbados,1/1/2017,0.08
BRN,Brunei Darussalam,1/1/2017,8.5
BTN,Bhutan,1/1/2017,78
BWA,Botswana,1/1/2017,2.4
CAF,Central African Republic,1/1/2017,141
CAN,Canada,1/1/2017,2850
CHE,Switzerland,1/1/2017,40.4
CHL,Chile,1/1/2017,885
CHN,China,1/1/2017,2812.9
CIV,Cote d'Ivoire,1/1/2017,76.84
CMR,Cameroon,1/1/2017,273
COD,"Congo, Dem. Rep.",1/1/2017,900
COG,"Congo, Rep.",1/1/2017,222
COL,Colombia,1/1/2017,2145
COM,Comoros,1/1/2017,1.2
CPV,Cabo Verde,1/1/2017,0.3
CRI,Costa Rica,1/1/2017,113
CUB,Cuba,1/1/2017,38.12
CYP,Cyprus,1/1/2017,0.78
CZE,Czechia,1/1/2017,13.15
DEU,Germany,1/1/2017,107
DJI,Djibouti,1/1/2017,0.3
DMA,Dominica,1/1/2017,0.2
DNK,Denmark,1/1/2017,6
DOM,Dominican Republic,1/1/2017,23.5
DZA,Algeria,1/1/2017,11.247
ECU,Ecuador,1/1/2017,442.4
EGY,"Egypt, Arab Rep.",1/1/2017,1
ERI,Eritrea,1/1/2017,2.8
ESP,Spain,1/1/2017,111.2
EST,Estonia,1/1/2017,12.71
ETH,Ethiopia,1/1/2017,122
FIN,Finland,1/1/2017,107
FJI,Fiji,1/1/2017,28.55
FRA,France,1/1/2017,200
GAB,Gabon,1/1/2017,164
GBR,United Kingdom,1/1/2017,145
GEO,Georgia,1/1/2017,58.13
GHA,Ghana,1/1/2017,30.3
GIN,Guinea,1/1/2017,226
GMB,"Gambia, The",1/1/2017,3
GNB,Guinea-Bissau,1/1/2017,16
GNQ,Equatorial Guinea,1/1/2017,26
GRC,Greece,1/1/2017,58
GRD,Grenada,1/1/2017,0.2
GTM,Guatemala,1/1/2017,109.2
GUY,Guyana,1/1/2017,241
HND,Honduras,1/1/2017,90.66
HRV,Croatia,1/1/2017,37.7
HTI,Haiti,1/1/2017,13.007
HUN,Hungary,1/1/2017,6
IDN,Indonesia,1/1/2017,2018.7
IND,India,1/1/2017,1446
IRL,Ireland,1/1/2017,49
IRN,"Iran, Islamic Rep.",1/1/2017,128.5
IRQ,Iraq,1/1/2017,35.2
ISL,Iceland,1/1/2017,170
ISR,Israel,1/1/2017,0.75
ITA,Italy,1/1/2017,182.5
JAM,Jamaica,1/1/2017,10.823
JOR,Jordan,1/1/2017,0.682
JPN,Japan,1/1/2017,430
KAZ,Kazakhstan,1/1/2017,64.35
KEN,Kenya,1/1/2017,20.7
KGZ,Kyrgyz Republic,1/1/2017,48.93
KHM,Cambodia,1/1/2017,120.6
KNA,St. Kitts and Nevis,1/1/2017,0.024
KOR,"Korea, Rep.",1/1/2017,64.85
KWT,Kuwait,1/1/2017,0
LAO,Lao PDR,1/1/2017,190.4
LBN,Lebanon,1/1/2017,4.8
LBR,Liberia,1/1/2017,200
LBY,Libya,1/1/2017,0.7
LCA,St. Lucia,1/1/2017,0.3
LKA,Sri Lanka,1/1/2017,52.8
LSO,Lesotho,1/1/2017,5.23
LTU,Lithuania,1/1/2017,15.46
LUX,Luxembourg,1/1/2017,1
LVA,Latvia,1/1/2017,16.94
MAR,Morocco,1/1/2017,29
MDA,Moldova,1/1/2017,1.62
MDG,Madagascar,1/1/2017,337
MDV,Maldives,1/1/2017,0.03
MEX,Mexico,1/1/2017,409
MKD,North Macedonia,1/1/2017,5.4
MLI,Mali,1/1/2017,60
MLT,Malta,1/1/2017,0.0505
MMR,Myanmar,1/1/2017,1002.8
MNG,Mongolia,1/1/2017,34.8
MOZ,Mozambique,1/1/2017,100.3
MRT,Mauritania,1/1/2017,0.4
MUS,Mauritius,1/1/2017,2.751
MWI,Malawi,1/1/2017,16.14
MYS,Malaysia,1/1/2017,580
NAM,Namibia,1/1/2017,6.16
NER,Niger,1/1/2017,3.5
NGA,Nigeria,1/1/2017,221
NIC,Nicaragua,1/1/2017,156.21
NLD,Netherlands,1/1/2017,11
NOR,Norway,1/1/2017,382
NPL,Nepal,1/1/2017,198.2
NRU,Nauru,1/1/2017,0.01
NZL,New Zealand,1/1/2017,327
OMN,Oman,1/1/2017,1.4
PAK,Pakistan,1/1/2017,55
PAN,Panama,1/1/2017,136.6
PER,Peru,1/1/2017,1641
PHL,Philippines,1/1/2017,479
PNG,Papua New Guinea,1/1/2017,801
POL,Poland,1/1/2017,53.6
PRI,Puerto Rico,1/1/2017,7.1
PRK,"Korea, Dem. People's Rep.",1/1/2017,67
PRT,Portugal,1/1/2017,38
PRY,Paraguay,1/1/2017,117
PSE,West Bank and Gaza,1/1/2017,0.812
QAT,Qatar,1/1/2017,0.056
ROU,Romania,1/1/2017,42.38
RUS,Russian Federation,1/1/2017,4312
RWA,Rwanda,1/1/2017,9.5
SAU,Saudi Arabia,1/1/2017,2.4
SDN,Sudan,1/1/2017,4
SEN,Senegal,1/1/2017,25.8
SGP,Singapore,1/1/2017,0.6
SLB,Solomon Islands,1/1/2017,44.7
SLE,Sierra Leone,1/1/2017,160
SLV,El Salvador,1/1/2017,15.63
SOM,Somalia,1/1/2017,6
SRB,Serbia,1/1/2017,8.407
SSD,South Sudan,1/1/2017,26
STP,Sao Tome and Principe,1/1/2017,2.18
SUR,Suriname,1/1/2017,99
SVK,Slovak Republic,1/1/2017,12.6
SVN,Slovenia,1/1/2017,18.67
SWE,Sweden,1/1/2017,171
SWZ,Eswatini,1/1/2017,2.64
SYR,Syrian Arab Republic,1/1/2017,7.132
TCD,Chad,1/1/2017,15
TGO,Togo,1/1/2017,11.5
THA,Thailand,1/1/2017,224.51
TJK,Tajikistan,1/1/2017,63.46
TKM,Turkmenistan,1/1/2017,1.405
TLS,Timor-Leste,1/1/2017,8.215
TTO,Trinidad and Tobago,1/1/2017,3.84
TUN,Tunisia,1/1/2017,4.195
TUR,Turkiye,1/1/2017,227
TZA,Tanzania,1/1/2017,84
UGA,Uganda,1/1/2017,39
UKR,Ukraine,1/1/2017,55.1
URY,Uruguay,1/1/2017,92.2
USA,United States,1/1/2017,2818
UZB,Uzbekistan,1/1/2017,16.34
VCT,St. Vincent and the Grenadines,1/1/2017,0.1
VEN,"Venezuela, RB",1/1/2017,805
VNM,Vietnam,1/1/2017,359.42
VUT,Vanuatu,1/1/2017,10
YEM,"Yemen, Rep.",1/1/2017,2.1
ZAF,South Africa,1/1/2017,44.8
ZMB,Zambia,1/1/2017,80.2
ZWE,Zimbabwe,1/1/2017,12.26
AFG,Afghanistan,1/1/2018,47.15
AGO,Angola,1/1/2018,148
ALB,Albania,1/1/2018,26.9
AND,Andorra,1/1/2018,0.3156
ARE,United Arab Emirates,1/1/2018,0.15
ARG,Argentina,1/1/2018,292
ARM,Armenia,1/1/2018,6.859
ATG,Antigua and Barbuda,1/1/2018,0.052
AUS,Australia,1/1/2018,492
AUT,Austria,1/1/2018,55
AZE,Azerbaijan,1/1/2018,8.115
BDI,Burundi,1/1/2018,10.06
BEL,Belgium,1/1/2018,12
BEN,Benin,1/1/2018,10.3
BFA,Burkina Faso,1/1/2018,12.5
BGD,Bangladesh,1/1/2018,105
BGR,Bulgaria,1/1/2018,21
BHR,Bahrain,1/1/2018,0.004
BHS,"Bahamas, The",1/1/2018,0.7
BIH,Bosnia and Herzegovina,1/1/2018,35.5
BLR,Belarus,1/1/2018,34
BLZ,Belize,1/1/2018,15.26
BOL,Bolivia,1/1/2018,303.5
BRA,Brazil,1/1/2018,5661
BRB,Barbados,1/1/2018,0.08
BRN,Brunei Darussalam,1/1/2018,8.5
BTN,Bhutan,1/1/2018,78
BWA,Botswana,1/1/2018,2.4
CAF,Central African Republic,1/1/2018,141
CAN,Canada,1/1/2018,2850
CHE,Switzerland,1/1/2018,40.4
CHL,Chile,1/1/2018,885
CHN,China,1/1/2018,2812.9
CIV,Cote d'Ivoire,1/1/2018,76.84
CMR,Cameroon,1/1/2018,273
COD,"Congo, Dem. Rep.",1/1/2018,900
COG,"Congo, Rep.",1/1/2018,222
COL,Colombia,1/1/2018,2145
COM,Comoros,1/1/2018,1.2
CPV,Cabo Verde,1/1/2018,0.3
CRI,Costa Rica,1/1/2018,113
CUB,Cuba,1/1/2018,38.12
CYP,Cyprus,1/1/2018,0.78
CZE,Czechia,1/1/2018,13.15
DEU,Germany,1/1/2018,107
DJI,Djibouti,1/1/2018,0.3
DMA,Dominica,1/1/2018,0.2
DNK,Denmark,1/1/2018,6
DOM,Dominican Republic,1/1/2018,23.5
DZA,Algeria,1/1/2018,11.247
ECU,Ecuador,1/1/2018,442.4
EGY,"Egypt, Arab Rep.",1/1/2018,1
ERI,Eritrea,1/1/2018,2.8
ESP,Spain,1/1/2018,111.2
EST,Estonia,1/1/2018,12.71
ETH,Ethiopia,1/1/2018,122
FIN,Finland,1/1/2018,107
FJI,Fiji,1/1/2018,28.55
FRA,France,1/1/2018,200
GAB,Gabon,1/1/2018,164
GBR,United Kingdom,1/1/2018,145
GEO,Georgia,1/1/2018,58.13
GHA,Ghana,1/1/2018,30.3
GIN,Guinea,1/1/2018,226
GMB,"Gambia, The",1/1/2018,3
GNB,Guinea-Bissau,1/1/2018,16
GNQ,Equatorial Guinea,1/1/2018,26
GRC,Greece,1/1/2018,58
GRD,Grenada,1/1/2018,0.2
GTM,Guatemala,1/1/2018,109.2
GUY,Guyana,1/1/2018,241
HND,Honduras,1/1/2018,90.66
HRV,Croatia,1/1/2018,37.7
HTI,Haiti,1/1/2018,13.007
HUN,Hungary,1/1/2018,6
IDN,Indonesia,1/1/2018,2018.7
IND,India,1/1/2018,1446
IRL,Ireland,1/1/2018,49
IRN,"Iran, Islamic Rep.",1/1/2018,128.5
IRQ,Iraq,1/1/2018,35.2
ISL,Iceland,1/1/2018,170
ISR,Israel,1/1/2018,0.75
ITA,Italy,1/1/2018,182.5
JAM,Jamaica,1/1/2018,10.823
JOR,Jordan,1/1/2018,0.682
JPN,Japan,1/1/2018,430
KAZ,Kazakhstan,1/1/2018,64.35
KEN,Kenya,1/1/2018,20.7
KGZ,Kyrgyz Republic,1/1/2018,48.93
KHM,Cambodia,1/1/2018,120.6
KNA,St. Kitts and Nevis,1/1/2018,0.024
KOR,"Korea, Rep.",1/1/2018,64.85
KWT,Kuwait,1/1/2018,0
LAO,Lao PDR,1/1/2018,190.4
LBN,Lebanon,1/1/2018,4.8
LBR,Liberia,1/1/2018,200
LBY,Libya,1/1/2018,0.7
LCA,St. Lucia,1/1/2018,0.3
LKA,Sri Lanka,1/1/2018,52.8
LSO,Lesotho,1/1/2018,5.23
LTU,Lithuania,1/1/2018,15.46
LUX,Luxembourg,1/1/2018,1
LVA,Latvia,1/1/2018,16.94
MAR,Morocco,1/1/2018,29
MDA,Moldova,1/1/2018,1.62
MDG,Madagascar,1/1/2018,337
MDV,Maldives,1/1/2018,0.03
MEX,Mexico,1/1/2018,409
MKD,North Macedonia,1/1/2018,5.4
MLI,Mali,1/1/2018,60
MLT,Malta,1/1/2018,0.0505
MMR,Myanmar,1/1/2018,1002.8
MNG,Mongolia,1/1/2018,34.8
MOZ,Mozambique,1/1/2018,100.3
MRT,Mauritania,1/1/2018,0.4
MUS,Mauritius,1/1/2018,2.751
MWI,Malawi,1/1/2018,16.14
MYS,Malaysia,1/1/2018,580
NAM,Namibia,1/1/2018,6.16
NER,Niger,1/1/2018,3.5
NGA,Nigeria,1/1/2018,221
NIC,Nicaragua,1/1/2018,156.21
NLD,Netherlands,1/1/2018,11
NOR,Norway,1/1/2018,382
NPL,Nepal,1/1/2018,198.2
NRU,Nauru,1/1/2018,0.01
NZL,New Zealand,1/1/2018,327
OMN,Oman,1/1/2018,1.4
PAK,Pakistan,1/1/2018,55
PAN,Panama,1/1/2018,136.6
PER,Peru,1/1/2018,1641
PHL,Philippines,1/1/2018,479
PNG,Papua New Guinea,1/1/2018,801
POL,Poland,1/1/2018,53.6
PRI,Puerto Rico,1/1/2018,7.1
PRK,"Korea, Dem. People's Rep.",1/1/2018,67
PRT,Portugal,1/1/2018,38
PRY,Paraguay,1/1/2018,117
PSE,West Bank and Gaza,1/1/2018,0.812
QAT,Qatar,1/1/2018,0.056
ROU,Romania,1/1/2018,42.38
RUS,Russian Federation,1/1/2018,4312
RWA,Rwanda,1/1/2018,9.5
SAU,Saudi Arabia,1/1/2018,2.4
SDN,Sudan,1/1/2018,4
SEN,Senegal,1/1/2018,25.8
SGP,Singapore,1/1/2018,0.6
SLB,Solomon Islands,1/1/2018,44.7
SLE,Sierra Leone,1/1/2018,160
SLV,El Salvador,1/1/2018,15.63
SOM,Somalia,1/1/2018,6
SRB,Serbia,1/1/2018,8.407
SSD,South Sudan,1/1/2018,26
STP,Sao Tome and Principe,1/1/2018,2.18
SUR,Suriname,1/1/2018,99
SVK,Slovak Republic,1/1/2018,12.6
SVN,Slovenia,1/1/2018,18.67
SWE,Sweden,1/1/2018,171
SWZ,Eswatini,1/1/2018,2.64
SYR,Syrian Arab Republic,1/1/2018,7.132
TCD,Chad,1/1/2018,15
TGO,Togo,1/1/2018,11.5
THA,Thailand,1/1/2018,224.51
TJK,Tajikistan,1/1/2018,63.46
TKM,Turkmenistan,1/1/2018,1.405
TLS,Timor-Leste,1/1/2018,8.215
TTO,Trinidad and Tobago,1/1/2018,3.84
TUN,Tunisia,1/1/2018,4.195
TUR,Turkiye,1/1/2018,227
TZA,Tanzania,1/1/2018,84
UGA,Uganda,1/1/2018,39
UKR,Ukraine,1/1/2018,55.1
URY,Uruguay,1/1/2018,92.2
USA,United States,1/1/2018,2818
UZB,Uzbekistan,1/1/2018,16.34
VCT,St. Vincent and the Grenadines,1/1/2018,0.1
VEN,"Venezuela, RB",1/1/2018,805
VNM,Vietnam,1/1/2018,359.42
VUT,Vanuatu,1/1/2018,10
YEM,"Yemen, Rep.",1/1/2018,2.1
ZAF,South Africa,1/1/2018,44.8
ZMB,Zambia,1/1/2018,80.2
ZWE,Zimbabwe,1/1/2018,12.26
AFG,Afghanistan,1/1/2019,47.15
AGO,Angola,1/1/2019,148
ALB,Albania,1/1/2019,26.9
AND,Andorra,1/1/2019,0.3156
ARE,United Arab Emirates,1/1/2019,0.15
ARG,Argentina,1/1/2019,292
ARM,Armenia,1/1/2019,6.859
ATG,Antigua and Barbuda,1/1/2019,0.052
AUS,Australia,1/1/2019,492
AUT,Austria,1/1/2019,55
AZE,Azerbaijan,1/1/2019,8.115
BDI,Burundi,1/1/2019,10.06
BEL,Belgium,1/1/2019,12
BEN,Benin,1/1/2019,10.3
BFA,Burkina Faso,1/1/2019,12.5
BGD,Bangladesh,1/1/2019,105
BGR,Bulgaria,1/1/2019,21
BHR,Bahrain,1/1/2019,0.004
BHS,"Bahamas, The",1/1/2019,0.7
BIH,Bosnia and Herzegovina,1/1/2019,35.5
BLR,Belarus,1/1/2019,34
BLZ,Belize,1/1/2019,15.26
BOL,Bolivia,1/1/2019,303.5
BRA,Brazil,1/1/2019,5661
BRB,Barbados,1/1/2019,0.08
BRN,Brunei Darussalam,1/1/2019,8.5
BTN,Bhutan,1/1/2019,78
BWA,Botswana,1/1/2019,2.4
CAF,Central African Republic,1/1/2019,141
CAN,Canada,1/1/2019,2850
CHE,Switzerland,1/1/2019,40.4
CHL,Chile,1/1/2019,885
CHN,China,1/1/2019,2812.9
CIV,Cote d'Ivoire,1/1/2019,76.84
CMR,Cameroon,1/1/2019,273
COD,"Congo, Dem. Rep.",1/1/2019,900
COG,"Congo, Rep.",1/1/2019,222
COL,Colombia,1/1/2019,2145
COM,Comoros,1/1/2019,1.2
CPV,Cabo Verde,1/1/2019,0.3
CRI,Costa Rica,1/1/2019,113
CUB,Cuba,1/1/2019,38.12
CYP,Cyprus,1/1/2019,0.78
CZE,Czechia,1/1/2019,13.15
DEU,Germany,1/1/2019,107
DJI,Djibouti,1/1/2019,0.3
DMA,Dominica,1/1/2019,0.2
DNK,Denmark,1/1/2019,6
DOM,Dominican Republic,1/1/2019,23.5
DZA,Algeria,1/1/2019,11.247
ECU,Ecuador,1/1/2019,442.4
EGY,"Egypt, Arab Rep.",1/1/2019,1
ERI,Eritrea,1/1/2019,2.8
ESP,Spain,1/1/2019,111.2
EST,Estonia,1/1/2019,12.71
ETH,Ethiopia,1/1/2019,122
FIN,Finland,1/1/2019,107
FJI,Fiji,1/1/2019,28.55
FRA,France,1/1/2019,200
GAB,Gabon,1/1/2019,164
GBR,United Kingdom,1/1/2019,145
GEO,Georgia,1/1/2019,58.13
GHA,Ghana,1/1/2019,30.3
GIN,Guinea,1/1/2019,226
GMB,"Gambia, The",1/1/2019,3
GNB,Guinea-Bissau,1/1/2019,16
GNQ,Equatorial Guinea,1/1/2019,26
GRC,Greece,1/1/2019,58
GRD,Grenada,1/1/2019,0.2
GTM,Guatemala,1/1/2019,109.2
GUY,Guyana,1/1/2019,241
HND,Honduras,1/1/2019,90.66
HRV,Croatia,1/1/2019,37.7
HTI,Haiti,1/1/2019,13.007
HUN,Hungary,1/1/2019,6
IDN,Indonesia,1/1/2019,2018.7
IND,India,1/1/2019,1446
IRL,Ireland,1/1/2019,49
IRN,"Iran, Islamic Rep.",1/1/2019,128.5
IRQ,Iraq,1/1/2019,35.2
ISL,Iceland,1/1/2019,170
ISR,Israel,1/1/2019,0.75
ITA,Italy,1/1/2019,182.5
JAM,Jamaica,1/1/2019,10.823
JOR,Jordan,1/1/2019,0.682
JPN,Japan,1/1/2019,430
KAZ,Kazakhstan,1/1/2019,64.35
KEN,Kenya,1/1/2019,20.7
KGZ,Kyrgyz Republic,1/1/2019,48.93
KHM,Cambodia,1/1/2019,120.6
KNA,St. Kitts and Nevis,1/1/2019,0.024
KOR,"Korea, Rep.",1/1/2019,64.85
KWT,Kuwait,1/1/2019,0
LAO,Lao PDR,1/1/2019,190.4
LBN,Lebanon,1/1/2019,4.8
LBR,Liberia,1/1/2019,200
LBY,Libya,1/1/2019,0.7
LCA,St. Lucia,1/1/2019,0.3
LKA,Sri Lanka,1/1/2019,52.8
LSO,Lesotho,1/1/2019,5.23
LTU,Lithuania,1/1/2019,15.46
LUX,Luxembourg,1/1/2019,1
LVA,Latvia,1/1/2019,16.94
MAR,Morocco,1/1/2019,29
MDA,Moldova,1/1/2019,1.62
MDG,Madagascar,1/1/2019,337
MDV,Maldives,1/1/2019,0.03
MEX,Mexico,1/1/2019,409
MKD,North Macedonia,1/1/2019,5.4
MLI,Mali,1/1/2019,60
MLT,Malta,1/1/2019,0.0505
MMR,Myanmar,1/1/2019,1002.8
MNG,Mongolia,1/1/2019,34.8
MOZ,Mozambique,1/1/2019,100.3
MRT,Mauritania,1/1/2019,0.4
MUS,Mauritius,1/1/2019,2.751
MWI,Malawi,1/1/2019,16.14
MYS,Malaysia,1/1/2019,580
NAM,Namibia,1/1/2019,6.16
NER,Niger,1/1/2019,3.5
NGA,Nigeria,1/1/2019,221
NIC,Nicaragua,1/1/2019,156.21
NLD,Netherlands,1/1/2019,11
NOR,Norway,1/1/2019,382
NPL,Nepal,1/1/2019,198.2
NRU,Nauru,1/1/2019,0.01
NZL,New Zealand,1/1/2019,327
OMN,Oman,1/1/2019,1.4
PAK,Pakistan,1/1/2019,55
PAN,Panama,1/1/2019,136.6
PER,Peru,1/1/2019,1641
PHL,Philippines,1/1/2019,479
PNG,Papua New Guinea,1/1/2019,801
POL,Poland,1/1/2019,53.6
PRI,Puerto Rico,1/1/2019,7.1
PRK,"Korea, Dem. People's Rep.",1/1/2019,67
PRT,Portugal,1/1/2019,38
PRY,Paraguay,1/1/2019,117
PSE,West Bank and Gaza,1/1/2019,0.812
QAT,Qatar,1/1/2019,0.056
ROU,Romania,1/1/2019,42.38
RUS,Russian Federation,1/1/2019,4312
RWA,Rwanda,1/1/2019,9.5
SAU,Saudi Arabia,1/1/2019,2.4
SDN,Sudan,1/1/2019,4
SEN,Senegal,1/1/2019,25.8
SGP,Singapore,1/1/2019,0.6
SLB,Solomon Islands,1/1/2019,44.7
SLE,Sierra Leone,1/1/2019,160
SLV,El Salvador,1/1/2019,15.63
SOM,Somalia,1/1/2019,6
SRB,Serbia,1/1/2019,8.407
SSD,South Sudan,1/1/2019,26
STP,Sao Tome and Principe,1/1/2019,2.18
SUR,Suriname,1/1/2019,99
SVK,Slovak Republic,1/1/2019,12.6
SVN,Slovenia,1/1/2019,18.67
SWE,Sweden,1/1/2019,171
SWZ,Eswatini,1/1/2019,2.64
SYR,Syrian Arab Republic,1/1/2019,7.132
TCD,Chad,1/1/2019,15
TGO,Togo,1/1/2019,11.5
THA,Thailand,1/1/2019,224.51
TJK,Tajikistan,1/1/2019,63.46
TKM,Turkmenistan,1/1/2019,1.405
TLS,Timor-Leste,1/1/2019,8.215
TTO,Trinidad and Tobago,1/1/2019,3.84
TUN,Tunisia,1/1/2019,4.195
TUR,Turkiye,1/1/2019,227
TZA,Tanzania,1/1/2019,84
UGA,Uganda,1/1/2019,39
UKR,Ukraine,1/1/2019,55.1
URY,Uruguay,1/1/2019,92.2
USA,United States,1/1/2019,2818
UZB,Uzbekistan,1/1/2019,16.34
VCT,St. Vincent and the Grenadines,1/1/2019,0.1
VEN,"Venezuela, RB",1/1/2019,805
VNM,Vietnam,1/1/2019,359.42
VUT,Vanuatu,1/1/2019,10
YEM,"Yemen, Rep.",1/1/2019,2.1
ZAF,South Africa,1/1/2019,44.8
ZMB,Zambia,1/1/2019,80.2
ZWE,Zimbabwe,1/1/2019,12.26
